{
  "project_info": {
    "project_number": "1092391473367",
    "firebase_url": "https://ml-kit-codelab-fb182.firebaseio.com",
    "project_id": "ml-kit-codelab-fb182",
    "storage_bucket": "ml-kit-codelab-fb182.appspot.com"
  },
  "client": [
    {
      "client_info": {
        "mobilesdk_app_id": "1:1092391473367:android:3154414fbafb525cbe6092",
        "android_client_info": {
          "package_name": "com.google.firebase.codelab.mlkit"
        }
      },
      "oauth_client": [
        {
          "client_id": "1092391473367-65p96go7v60rq5h2qs1ga4uatv3l9u8c.apps.googleusercontent.com",
          "client_type": 3
        }
      ],
      "api_key": [
        {
          "current_key": "AIzaSyCejnIylsXO_teZEQaEvGrk6-QiZXePqJw"
        }
      ],
      "services": {
        "appinvite_service": {
          "other_platform_oauth_client": [
            {
              "client_id": "1092391473367-65p96go7v60rq5h2qs1ga4uatv3l9u8c.apps.googleusercontent.com",
              "client_type": 3
            }
          ]
        }
      }
    }
  ],
  "configuration_version": "1"
}